{
    "input_path": "output_data\\frames\\frame_00000.jpg",
    "page_index": null,
    "model_settings": {
        "use_doc_preprocessor": false,
        "use_textline_orientation": false
    },
    "dt_polys": [
        [
            [
                306,
                82
            ],
            [
                553,
                84
            ],
            [
                553,
                119
            ],
            [
                306,
                116
            ]
        ],
        [
            [
                309,
                123
            ],
            [
                550,
                126
            ],
            [
                550,
                168
            ],
            [
                309,
                164
            ]
        ],
        [
            [
                321,
                193
            ],
            [
                537,
                198
            ],
            [
                536,
                251
            ],
            [
                320,
                246
            ]
        ],
        [
            [
                67,
                259
            ],
            [
                203,
                261
            ],
            [
                203,
                286
            ],
            [
                67,
                284
            ]
        ]
    ],
    "text_det_params": {
        "limit_side_len": 64,
        "limit_type": "min",
        "thresh": 0.3,
        "max_side_limit": 4000,
        "box_thresh": 0.6,
        "unclip_ratio": 1.5
    },
    "text_type": "general",
    "textline_orientation_angles": [
        -1,
        -1,
        -1,
        -1
    ],
    "text_rec_score_thresh": 0.0,
    "return_word_box": false,
    "rec_texts": [
        "Introduction to",
        "Deep Learning",
        "Welcome",
        "deeplearning.ai"
    ],
    "rec_scores": [
        0.9933053255081177,
        0.9577828049659729,
        0.9985599517822266,
        0.9967884421348572
    ],
    "rec_polys": [
        [
            [
                306,
                82
            ],
            [
                553,
                84
            ],
            [
                553,
                119
            ],
            [
                306,
                116
            ]
        ],
        [
            [
                309,
                123
            ],
            [
                550,
                126
            ],
            [
                550,
                168
            ],
            [
                309,
                164
            ]
        ],
        [
            [
                321,
                193
            ],
            [
                537,
                198
            ],
            [
                536,
                251
            ],
            [
                320,
                246
            ]
        ],
        [
            [
                67,
                259
            ],
            [
                203,
                261
            ],
            [
                203,
                286
            ],
            [
                67,
                284
            ]
        ]
    ],
    "rec_boxes": [
        [
            306,
            82,
            553,
            119
        ],
        [
            309,
            123,
            550,
            168
        ],
        [
            320,
            193,
            537,
            251
        ],
        [
            67,
            259,
            203,
            286
        ]
    ]
}