{
    "input_path": "keyframes\\0002.jpg",
    "page_index": null,
    "model_settings": {
        "use_doc_preprocessor": false,
        "use_textline_orientation": false
    },
    "dt_polys": [
        [
            [
                306,
                81
            ],
            [
                553,
                83
            ],
            [
                553,
                119
            ],
            [
                306,
                116
            ]
        ],
        [
            [
                309,
                123
            ],
            [
                550,
                126
            ],
            [
                550,
                168
            ],
            [
                309,
                164
            ]
        ],
        [
            [
                321,
                193
            ],
            [
                537,
                197
            ],
            [
                536,
                250
            ],
            [
                320,
                246
            ]
        ],
        [
            [
                67,
                259
            ],
            [
                203,
                261
            ],
            [
                203,
                286
            ],
            [
                67,
                284
            ]
        ]
    ],
    "text_det_params": {
        "limit_side_len": 64,
        "limit_type": "min",
        "thresh": 0.3,
        "max_side_limit": 4000,
        "box_thresh": 0.6,
        "unclip_ratio": 1.5
    },
    "text_type": "general",
    "textline_orientation_angles": [
        -1,
        -1,
        -1,
        -1
    ],
    "text_rec_score_thresh": 0.0,
    "return_word_box": false,
    "rec_texts": [
        "Introduction to",
        "DeepLearning",
        "Welcome",
        "deeplearning.ai"
    ],
    "rec_scores": [
        0.9895282983779907,
        0.976421594619751,
        0.9975729584693909,
        0.9974359273910522
    ],
    "rec_polys": [
        [
            [
                306,
                81
            ],
            [
                553,
                83
            ],
            [
                553,
                119
            ],
            [
                306,
                116
            ]
        ],
        [
            [
                309,
                123
            ],
            [
                550,
                126
            ],
            [
                550,
                168
            ],
            [
                309,
                164
            ]
        ],
        [
            [
                321,
                193
            ],
            [
                537,
                197
            ],
            [
                536,
                250
            ],
            [
                320,
                246
            ]
        ],
        [
            [
                67,
                259
            ],
            [
                203,
                261
            ],
            [
                203,
                286
            ],
            [
                67,
                284
            ]
        ]
    ],
    "rec_boxes": [
        [
            306,
            81,
            553,
            119
        ],
        [
            309,
            123,
            550,
            168
        ],
        [
            320,
            193,
            537,
            250
        ],
        [
            67,
            259,
            203,
            286
        ]
    ]
}