{
    "input_path": "keyframes\\0014.jpg",
    "page_index": null,
    "model_settings": {
        "use_doc_preprocessor": false,
        "use_textline_orientation": false
    },
    "dt_polys": [
        [
            [
                306,
                82
            ],
            [
                554,
                82
            ],
            [
                554,
                120
            ],
            [
                306,
                120
            ]
        ],
        [
            [
                307,
                120
            ],
            [
                551,
                124
            ],
            [
                551,
                170
            ],
            [
                307,
                167
            ]
        ],
        [
            [
                321,
                192
            ],
            [
                537,
                197
            ],
            [
                536,
                251
            ],
            [
                320,
                246
            ]
        ],
        [
            [
                65,
                259
            ],
            [
                204,
                259
            ],
            [
                204,
                286
            ],
            [
                65,
                286
            ]
        ]
    ],
    "text_det_params": {
        "limit_side_len": 64,
        "limit_type": "min",
        "thresh": 0.3,
        "max_side_limit": 4000,
        "box_thresh": 0.6,
        "unclip_ratio": 1.5
    },
    "text_type": "general",
    "textline_orientation_angles": [
        -1,
        -1,
        -1,
        -1
    ],
    "text_rec_score_thresh": 0.0,
    "return_word_box": false,
    "rec_texts": [
        "Introduction to",
        "Deep Learning",
        "Welcome",
        "deeplearning.ai"
    ],
    "rec_scores": [
        0.9841623902320862,
        0.9866425395011902,
        0.9978440999984741,
        0.9979790449142456
    ],
    "rec_polys": [
        [
            [
                306,
                82
            ],
            [
                554,
                82
            ],
            [
                554,
                120
            ],
            [
                306,
                120
            ]
        ],
        [
            [
                307,
                120
            ],
            [
                551,
                124
            ],
            [
                551,
                170
            ],
            [
                307,
                167
            ]
        ],
        [
            [
                321,
                192
            ],
            [
                537,
                197
            ],
            [
                536,
                251
            ],
            [
                320,
                246
            ]
        ],
        [
            [
                65,
                259
            ],
            [
                204,
                259
            ],
            [
                204,
                286
            ],
            [
                65,
                286
            ]
        ]
    ],
    "rec_boxes": [
        [
            306,
            82,
            554,
            120
        ],
        [
            307,
            120,
            551,
            170
        ],
        [
            320,
            192,
            537,
            251
        ],
        [
            65,
            259,
            204,
            286
        ]
    ]
}